{"proxies":{"ema.androidsvc.ExampleProxy":{"superPackageName":"org.appcelerator.titanium.proxy","methods":{"printMessage":{"runOnUiThread":false,"hasInvocation":false,"args":[{"converter":"org.appcelerator.kroll.KrollConverter","defaultValueProvider":"org.appcelerator.kroll.KrollConverter","name":"message","sourceName":"message","type":"java.lang.String"}],"apiName":"printMessage","converter":"org.appcelerator.kroll.KrollConverter","defaultValueProvider":"org.appcelerator.kroll.KrollConverter","name":"__default_name__","returnType":"void"},"getMessage":{"runOnUiThread":false,"hasInvocation":false,"args":[],"apiName":"getMessage","converter":"org.appcelerator.kroll.KrollConverter","defaultValueProvider":"org.appcelerator.kroll.KrollConverter","name":"__default_name__","returnType":"java.lang.String"},"setMessage":{"runOnUiThread":false,"hasInvocation":false,"args":[{"converter":"org.appcelerator.kroll.KrollConverter","defaultValueProvider":"org.appcelerator.kroll.KrollConverter","name":"message","sourceName":"message","type":"java.lang.String"}],"apiName":"setMessage","converter":"org.appcelerator.kroll.KrollConverter","defaultValueProvider":"org.appcelerator.kroll.KrollConverter","name":"__default_name__","returnType":"void"}},"dynamicProperties":{"message":{"set":true,"nativeConverter":"org.appcelerator.kroll.KrollConverter","getMethodName":"getMessage","setMethodName":"setMessage","setMethodArgs":[{"converter":"org.appcelerator.kroll.KrollConverter","defaultValueProvider":"org.appcelerator.kroll.KrollConverter","name":"message","sourceName":"message","type":"java.lang.String"}],"setDefaultProviders":["org.appcelerator.kroll.KrollConverter"],"converter":"org.appcelerator.kroll.KrollConverter","defaultValueProvider":"org.appcelerator.kroll.KrollConverter","retain":true,"javascriptConverter":"org.appcelerator.kroll.KrollConverter","getHasInvocation":false,"runOnUiThread":false,"getMethodArgs":[],"getReturnType":"java.lang.String","setReturnType":"void","get":true,"name":"message","setHasInvocation":false,"getDefaultProviders":[]}},"superProxyBindingClassName":"org.appcelerator.titanium.proxy.TiViewProxyBindingGen","proxyClassName":"ExampleProxy","proxyAttrs":{"propertyAccessors":[],"fullAPIName":"EmaAndroidsvc.Example","name":"Example","proxyClassName":"ema.androidsvc.ExampleProxy","isTopLevel":false,"id":"ema.androidsvc.ExampleProxy","creatableInModule":"ema.androidsvc.EmaAndroidsvcModule","parentModule":"org.appcelerator.kroll.annotations.Kroll.DEFAULT"},"packageName":"ema.androidsvc","sourceName":"ema.androidsvc.ExampleProxyBindingGen","isTitaniumSdk":false,"superProxyClassName":"TiViewProxy","isModule":false,"genClassName":"ExampleProxyBindingGen"},"ema.androidsvc.EmaAndroidsvcModule":{"superPackageName":"org.appcelerator.kroll","dynamicProperties":{"isRunning":{"set":false,"nativeConverter":"org.appcelerator.kroll.KrollConverter","getMethodName":"getIsRunning","converter":"org.appcelerator.kroll.KrollConverter","defaultValueProvider":"org.appcelerator.kroll.KrollConverter","javascriptConverter":"org.appcelerator.kroll.KrollConverter","getHasInvocation":false,"runOnUiThread":false,"getMethodArgs":[],"getReturnType":"boolean","get":true,"name":"isRunning","setHasInvocation":false,"getDefaultProviders":[]},"serviceEventApi":{"set":false,"nativeConverter":"org.appcelerator.kroll.KrollConverter","getMethodName":"getServiceEventApi","converter":"org.appcelerator.kroll.KrollConverter","defaultValueProvider":"org.appcelerator.kroll.KrollConverter","javascriptConverter":"org.appcelerator.kroll.KrollConverter","getHasInvocation":false,"runOnUiThread":false,"getMethodArgs":[],"getReturnType":"ema.androidsvc.ServiceEventApi","get":true,"name":"serviceEventApi","setHasInvocation":false,"getDefaultProviders":[]}},"methods":{"startLocationDetection":{"runOnUiThread":false,"hasInvocation":false,"args":[],"apiName":"startLocationDetection","converter":"org.appcelerator.kroll.KrollConverter","defaultValueProvider":"org.appcelerator.kroll.KrollConverter","name":"__default_name__","returnType":"void"},"stop":{"runOnUiThread":false,"hasInvocation":false,"args":[],"apiName":"stop","converter":"org.appcelerator.kroll.KrollConverter","defaultValueProvider":"org.appcelerator.kroll.KrollConverter","name":"__default_name__","returnType":"void"},"startBackgroundLocationTracking":{"runOnUiThread":false,"hasInvocation":false,"args":[],"apiName":"startBackgroundLocationTracking","converter":"org.appcelerator.kroll.KrollConverter","defaultValueProvider":"org.appcelerator.kroll.KrollConverter","name":"__default_name__","returnType":"void"},"start":{"runOnUiThread":false,"hasInvocation":false,"args":[],"apiName":"start","converter":"org.appcelerator.kroll.KrollConverter","defaultValueProvider":"org.appcelerator.kroll.KrollConverter","name":"__default_name__","returnType":"boolean"},"scheduleNotification":{"runOnUiThread":false,"hasInvocation":false,"args":[{"converter":"org.appcelerator.kroll.KrollConverter","defaultValueProvider":"org.appcelerator.kroll.KrollConverter","name":"index","sourceName":"index","type":"int"},{"converter":"org.appcelerator.kroll.KrollConverter","defaultValueProvider":"org.appcelerator.kroll.KrollConverter","name":"notificationId","sourceName":"notificationId","type":"java.lang.String"},{"converter":"org.appcelerator.kroll.KrollConverter","defaultValueProvider":"org.appcelerator.kroll.KrollConverter","name":"contentTitle","sourceName":"contentTitle","type":"java.lang.String"},{"converter":"org.appcelerator.kroll.KrollConverter","defaultValueProvider":"org.appcelerator.kroll.KrollConverter","name":"contentText","sourceName":"contentText","type":"java.lang.String"},{"converter":"org.appcelerator.kroll.KrollConverter","defaultValueProvider":"org.appcelerator.kroll.KrollConverter","name":"badge","sourceName":"badge","type":"int"},{"converter":"org.appcelerator.kroll.KrollConverter","defaultValueProvider":"org.appcelerator.kroll.KrollConverter","name":"scheduleTime","sourceName":"scheduleTime","type":"long"},{"converter":"org.appcelerator.kroll.KrollConverter","defaultValueProvider":"org.appcelerator.kroll.KrollConverter","name":"expireTime","sourceName":"expireTime","type":"long"},{"converter":"org.appcelerator.kroll.KrollConverter","defaultValueProvider":"org.appcelerator.kroll.KrollConverter","name":"groupName","sourceName":"groupName","type":"java.lang.String"}],"apiName":"scheduleNotification","converter":"org.appcelerator.kroll.KrollConverter","defaultValueProvider":"org.appcelerator.kroll.KrollConverter","name":"__default_name__","returnType":"void"},"refresh":{"runOnUiThread":false,"hasInvocation":false,"args":[],"apiName":"refresh","converter":"org.appcelerator.kroll.KrollConverter","defaultValueProvider":"org.appcelerator.kroll.KrollConverter","name":"__default_name__","returnType":"void"},"cancelNotification":{"runOnUiThread":false,"hasInvocation":false,"args":[{"converter":"org.appcelerator.kroll.KrollConverter","defaultValueProvider":"org.appcelerator.kroll.KrollConverter","name":"notificationId","sourceName":"notificationId","type":"int"}],"apiName":"cancelNotification","converter":"org.appcelerator.kroll.KrollConverter","defaultValueProvider":"org.appcelerator.kroll.KrollConverter","name":"__default_name__","returnType":"void"}},"superProxyClassName":"KrollModule","isModule":true,"genClassName":"EmaAndroidsvcModuleBindingGen","superProxyBindingClassName":"org.appcelerator.kroll.KrollModuleBindingGen","proxyClassName":"EmaAndroidsvcModule","proxyAttrs":{"propertyAccessors":[],"fullAPIName":"EmaAndroidsvc","name":"EmaAndroidsvc","proxyClassName":"ema.androidsvc.EmaAndroidsvcModule","isTopLevel":false,"id":"ema.androidsvc"},"packageName":"ema.androidsvc","sourceName":"ema.androidsvc.EmaAndroidsvcModuleBindingGen","isTitaniumSdk":false,"onAppCreate":"onAppCreate"},"ema.androidsvc.ServiceEventApi":{"superPackageName":"org.appcelerator.kroll","methods":{"fetchEvents":{"runOnUiThread":false,"hasInvocation":false,"args":[],"apiName":"fetchEvents","converter":"org.appcelerator.kroll.KrollConverter","defaultValueProvider":"org.appcelerator.kroll.KrollConverter","name":"__default_name__","returnType":"java.lang.String"}},"superProxyBindingClassName":"org.appcelerator.kroll.KrollProxyBindingGen","proxyClassName":"ServiceEventApi","proxyAttrs":{"propertyAccessors":[],"fullAPIName":"ServiceEventApi","name":"ServiceEventApi","proxyClassName":"ema.androidsvc.ServiceEventApi","isTopLevel":false,"id":"ema.androidsvc.ServiceEventApi","creatableInModule":"org.appcelerator.kroll.annotations.Kroll.DEFAULT","parentModule":"org.appcelerator.kroll.annotations.Kroll.DEFAULT"},"packageName":"ema.androidsvc","sourceName":"ema.androidsvc.ServiceEventApiBindingGen","isTitaniumSdk":false,"superProxyClassName":"KrollProxy","isModule":false,"genClassName":"ServiceEventApiBindingGen"}},"modules":{"ema.androidsvc.EmaAndroidsvcModule":{"apiName":"EmaAndroidsvc","createProxies":[{"propertyAccessors":[],"fullAPIName":"EmaAndroidsvc.Example","name":"Example","proxyClassName":"ema.androidsvc.ExampleProxy","isTopLevel":false,"id":"ema.androidsvc.ExampleProxy","creatableInModule":"ema.androidsvc.EmaAndroidsvcModule","parentModule":"org.appcelerator.kroll.annotations.Kroll.DEFAULT"}]}}}