<?xml version="1.0" encoding="UTF-8"?>
<ti:module xmlns:ti="http://ti.tidev.io" xmlns:android="http://schemas.android.com/apk/res/android">
  <!--
        Similar to tiapp.xml, but contains module/platform specific
	configuration in <iphone> and <android> sections
  -->
  <android xmlns:android="http://schemas.android.com/apk/res/android">
    <!--
    <uses-sdk android:minSdkVersion="21" android:targetSdkVersion="30" />
    -->
    <manifest>
      <uses-permission android:name="android.permission.FOREGROUND_SERVICE"/>
      <application>
        <service android:name="ema.androidsvc.ForegroundService"/>
      </application>
    </manifest>
  </android>
</ti:module>
